Boerum Pl,"{""type"":""FeatureCollection"",""query"":[""boerum"",""pl""],""features"":[{""id"":""address.2298154985825020"",""type"":""Feature"",""place_type"":[""address""],""relevance"":1,""properties"":{""accuracy"":""street""},""text"":""Boerum Place"",""place_name"":""Boerum Place, Brooklyn, New York 11201, United States"",""center"":[-73.9905151,40.6896342],""geometry"":{""type"":""Point"",""coordinates"":[-73.9905151,40.6896342]},""context"":[{""id"":""neighborhood.2102891"",""text"":""Boerum Hill""},{""id"":""postcode.15332151625363130"",""text"":""11201""},{""id"":""locality.6335122455180360"",""wikidata"":""Q18419"",""text"":""Brooklyn""},{""id"":""place.15278078705964500"",""wikidata"":""Q60"",""text"":""New York""},{""id"":""region.17349986251855570"",""wikidata"":""Q1384"",""short_code"":""US-NY"",""text"":""New York""},{""id"":""country.19678805456372290"",""wikidata"":""Q30"",""short_code"":""us"",""text"":""United States""}]},{""id"":""poi.17179923209"",""type"":""Feature"",""place_type"":[""poi""],""relevance"":0.948333,""properties"":{""foursquare"":""4da487459aa4721e49d2391a"",""landmark"":true,""address"":""Neyzen Tevfik Cad."",""category"":""mosque, muslim, islam, place of worship""},""text"":""Tepecik Cami"",""place_name"":""Tepecik Cami, Neyzen Tevfik Cad., Bodrum, Muğla, Turkey"",""center"":[27.425513,37.036292],""geometry"":{""coordinates"":[27.425513,37.036292],""type"":""Point""},""context"":[{""id"":""place.15122226947794640"",""wikidata"":""Q172267"",""text"":""Bodrum""},{""id"":""region.10246899326218780"",""wikidata"":""Q123934"",""short_code"":""TR-48"",""text"":""Muğla""},{""id"":""country.12740899366176230"",""wikidata"":""Q43"",""short_code"":""tr"",""text"":""Turkey""}]}],""attribution"":""NOTICE: © 2020 Mapbox and its suppliers. All rights reserved. Use of this data is subject to the Mapbox Terms of Service (https://www.mapbox.com/about/maps/). This response and the information it contains may not be retained. POI(s) provided by Foursquare.""}"

IPR Int.,"{""type"":""FeatureCollection"",""query"":[""ipr"",""int""],""features"":[{""id"":""poi.206158497372"",""type"":""Feature"",""place_type"":[""poi""],""relevance"":0.928571,""properties"":{""foursquare"":""5803694638facb256d1de204"",""landmark"":true,""address"":""Mall of Antalya"",""category"":""steakhouse, steak, restaurant""},""text"":""Pir-i Nar Efendi"",""place_name"":""Pir-i Nar Efendi, Mall of Antalya, Antalya, Antalya, Turkey"",""center"":[30.783687,36.922367],""geometry"":{""coordinates"":[30.783687,36.922367],""type"":""Point""},""context"":[{""id"":""place.2472742373944980"",""wikidata"":""Q6487"",""text"":""Antalya""},{""id"":""region.8510496857944980"",""wikidata"":""Q40249"",""short_code"":""TR-07"",""text"":""Antalya""},{""id"":""country.12740899366176230"",""wikidata"":""Q43"",""short_code"":""tr"",""text"":""Turkey""}]},{""id"":""poi.523986098555"",""type"":""Feature"",""place_type"":[""poi""],""relevance"":0.928571,""properties"":{""foursquare"":""4bfc9b5183bbd13a34d462c5"",""landmark"":true,""address"":""Botani Square, Lt. 2"",""category"":""conference center meeting room, meeting room, conference center""},""text"":""IPB International Convention Center"",""place_name"":""IPB International Convention Center, Botani Square, Lt. 2, Bogor, West Java 16129, Indonesia"",""center"":[106.80973,-6.602416],""geometry"":{""coordinates"":[106.80973,-6.602416],""type"":""Point""},""context"":[{""id"":""neighborhood.9209056451479840"",""text"":""Tegallega""},{""id"":""postcode.11103583699546600"",""text"":""16129""},{""id"":""locality.7031303140844500"",""wikidata"":""Q25171197"",""text"":""Bogor Tengah""},{""id"":""place.2757080730403950"",""wikidata"":""Q10393"",""text"":""Bogor""},{""id"":""region.10085814914603250"",""wikidata"":""Q3724"",""short_code"":""ID-JB"",""text"":""West Java""},{""id"":""country.12065990263114360"",""wikidata"":""Q252"",""short_code"":""id"",""text"":""Indonesia""}]}],""attribution"":""NOTICE: © 2020 Mapbox and its suppliers. All rights reserved. Use of this data is subject to the Mapbox Terms of Service (https://www.mapbox.com/about/maps/). This response and the information it contains may not be retained. POI(s) provided by Foursquare.""}"

Court St & Joralemon,"{""type"":""FeatureCollection"",""query"":[""court"",""st"",""joralemon""],""features"":[{""id"":""address.2893133768904420"",""type"":""Feature"",""place_type"":[""address""],""relevance"":1,""properties"":{""accuracy"":""intersection""},""text"":""Joralemon Street"",""place_name"":""Court Street and Joralemon Street, Brooklyn, New York 11201, United States"",""center"":[-73.9909935,40.6925319],""geometry"":{""type"":""Point"",""coordinates"":[-73.9909935,40.6925319]},""context"":[{""id"":""neighborhood.297595"",""text"":""Brooklyn Heights""},{""id"":""postcode.15332151625363130"",""text"":""11201""},{""id"":""locality.6335122455180360"",""wikidata"":""Q18419"",""text"":""Brooklyn""},{""id"":""place.15278078705964500"",""wikidata"":""Q60"",""text"":""New York""},{""id"":""region.17349986251855570"",""wikidata"":""Q1384"",""short_code"":""US-NY"",""text"":""New York""},{""id"":""country.19678805456372290"",""wikidata"":""Q30"",""short_code"":""us"",""text"":""United States""}]},{""id"":""poi.120259172872"",""type"":""Feature"",""place_type"":[""poi""],""relevance"":0.574074,""properties"":{""foursquare"":""4e70e8a2a8098087a050ca7c"",""landmark"":true,""address"":""Court St"",""category"":""coworking space, office""},""text"":""Court Street"",""place_name"":""Court Street, Court St, Utica, New York 13502, United States"",""center"":[-75.24516,43.102605],""geometry"":{""coordinates"":[-75.24516,43.102605],""type"":""Point""},""context"":[{""id"":""neighborhood.274113"",""text"":""Maynard""},{""id"":""postcode.2631157435392710"",""text"":""13502""},{""id"":""place.6635644992690040"",""wikidata"":""Q2495519"",""text"":""Utica""},{""id"":""region.17349986251855570"",""wikidata"":""Q1384"",""short_code"":""US-NY"",""text"":""New York""},{""id"":""country.19678805456372290"",""wikidata"":""Q30"",""short_code"":""us"",""text"":""United States""}]}],""attribution"":""NOTICE: © 2020 Mapbox and its suppliers. All rights reserved. Use of this data is subject to the Mapbox Terms of Service (https://www.mapbox.com/about/maps/). This response and the information it contains may not be retained. POI(s) provided by Foursquare.""}"

Borough Hall,"{""type"":""FeatureCollection"",""query"":[""borough"",""hall""],""features"":[{""id"":""poi.455266587850"",""type"":""Feature"",""place_type"":[""poi""],""relevance"":1,""properties"":{""foursquare"":""4a588000f964a52086b71fe3"",""landmark"":true,""address"":""Cadman Plaza West"",""category"":""park"",""maki"":""picnic-site""},""text"":""Borough Hall Greenmarket"",""place_name"":""Borough Hall Greenmarket, Cadman Plaza West, New York, New York 11201, United States"",""center"":[-73.990321,40.693707],""geometry"":{""coordinates"":[-73.990321,40.693707],""type"":""Point""},""context"":[{""id"":""neighborhood.297509"",""text"":""Downtown""},{""id"":""postcode.15332151625363130"",""text"":""11201""},{""id"":""locality.6335122455180360"",""wikidata"":""Q18419"",""text"":""Brooklyn""},{""id"":""place.15278078705964500"",""wikidata"":""Q60"",""text"":""New York""},{""id"":""region.17349986251855570"",""wikidata"":""Q1384"",""short_code"":""US-NY"",""text"":""New York""},{""id"":""country.19678805456372290"",""wikidata"":""Q30"",""short_code"":""us"",""text"":""United States""}]},{""id"":""poi.1116691524062"",""type"":""Feature"",""place_type"":[""poi""],""relevance"":1,""properties"":{""foursquare"":""4aad4937f964a5207f5f20e3"",""landmark"":true,""wikidata"":""Q34819338"",""address"":""Court St"",""category"":""park"",""maki"":""picnic-site""},""text"":""Borough Hall Plaza"",""place_name"":""Borough Hall Plaza, Court St, New York, New York 11201, United States"",""center"":[-73.99038825,40.694712625],""geometry"":{""coordinates"":[-73.99038825,40.694712625],""type"":""Point""},""context"":[{""id"":""neighborhood.297509"",""text"":""Downtown""},{""id"":""postcode.15332151625363130"",""text"":""11201""},{""id"":""locality.6335122455180360"",""wikidata"":""Q18419"",""text"":""Brooklyn""},{""id"":""place.15278078705964500"",""wikidata"":""Q60"",""text"":""New York""},{""id"":""region.17349986251855570"",""wikidata"":""Q1384"",""short_code"":""US-NY"",""text"":""New York""},{""id"":""country.19678805456372290"",""wikidata"":""Q30"",""short_code"":""us"",""text"":""United States""}]}],""attribution"":""NOTICE: © 2020 Mapbox and its suppliers. All rights reserved. Use of this data is subject to the Mapbox Terms of Service (https://www.mapbox.com/about/maps/). This response and the information it contains may not be retained. POI(s) provided by Foursquare.""}"

Sephora Int.,"{""type"":""FeatureCollection"",""query"":[""sephora"",""int""],""features"":[{""id"":""poi.721554592599"",""type"":""Feature"",""place_type"":[""poi""],""relevance"":1,""properties"":{""foursquare"":""4cac8cbd36fa6dcb4d7ddf78"",""landmark"":true,""address"":""Calle Urzáiz 26"",""category"":""beauty supply, salon, cosmetics, cosmetics shop""},""text"":""Sephora In Vigo"",""place_name"":""Sephora In Vigo, Calle Urzáiz 26, Vigo, Pontevedra 36201, Spain"",""center"":[-8.718767,42.235155],""geometry"":{""coordinates"":[-8.718767,42.235155],""type"":""Point""},""context"":[{""id"":""postcode.2960184352182500"",""text"":""36201""},{""id"":""place.8195097663507940"",""wikidata"":""Q8745"",""text"":""Vigo""},{""id"":""region.6852699358945460"",""wikidata"":""Q95086"",""short_code"":""ES-PO"",""text"":""Pontevedra""},{""id"":""country.3373497261570100"",""wikidata"":""Q29"",""short_code"":""es"",""text"":""Spain""}]},{""id"":""poi.635655182084"",""type"":""Feature"",""place_type"":[""poi""],""relevance"":0.98,""properties"":{""foursquare"":""50d82830e4b019a9e417db57"",""landmark"":true,""address"":""Select Citywalk Mall"",""category"":""beauty supply, salon, cosmetics, cosmetics shop""},""text"":""SEPHORA"",""place_name"":""SEPHORA, Select Citywalk Mall, New Delhi, Delhi, India"",""matching_place_name"":""SEPHORA, Select Citywalk Mall, New Delhi, Delhi, Intia"",""center"":[77.219335,28.528754],""geometry"":{""coordinates"":[77.219335,28.528754],""type"":""Point""},""context"":[{""id"":""locality.10674890606350470"",""text"":""Saket District Centre""},{""id"":""place.8915687851165670"",""wikidata"":""Q987"",""text"":""New Delhi""},{""id"":""district.6340385930354300"",""wikidata"":""Q2061938"",""text"":""South Delhi""},{""id"":""region.9972194009026890"",""wikidata"":""Q1353"",""short_code"":""IN-DL"",""text"":""Delhi""},{""id"":""country.2782945337"",""wikidata"":""Q668"",""short_code"":""in"",""text"":""India""}]}],""attribution"":""NOTICE: © 2020 Mapbox and its suppliers. All rights reserved. Use of this data is subject to the Mapbox Terms of Service (https://www.mapbox.com/about/maps/). This response and the information it contains may not be retained. POI(s) provided by Foursquare.""}"

Court St,"{""type"":""FeatureCollection"",""query"":[""court"",""st""],""features"":[{""id"":""poi.283467934311"",""type"":""Feature"",""place_type"":[""poi""],""relevance"":1,""properties"":{""foursquare"":""4bb39069715eef3b7f8486bb"",""landmark"":true,""address"":""112 Court St"",""category"":""bar, pub, alcohol, liquor, beer""},""text"":""Court Street Grill"",""place_name"":""Court Street Grill, 112 Court St, Pomeroy, Ohio 45769, United States"",""center"":[-82.03356,39.027269],""geometry"":{""coordinates"":[-82.03356,39.027269],""type"":""Point""},""context"":[{""id"":""neighborhood.273573"",""text"":""Lincoln Heights""},{""id"":""postcode.14771095503464770"",""text"":""45769""},{""id"":""place.10233704225720750"",""wikidata"":""Q1908489"",""text"":""Pomeroy""},{""id"":""region.9595035861229390"",""wikidata"":""Q1397"",""short_code"":""US-OH"",""text"":""Ohio""},{""id"":""country.19678805456372290"",""wikidata"":""Q30"",""short_code"":""us"",""text"":""United States""}]},{""id"":""poi.661425027679"",""type"":""Feature"",""place_type"":[""poi""],""relevance"":1,""properties"":{""foursquare"":""4b7b4429f964a520785b2fe3"",""landmark"":true,""address"":""18 N Court St"",""category"":""diner, restaurant"",""maki"":""fast-food""},""text"":""Court Street Diner"",""place_name"":""Court Street Diner, 18 N Court St, Athens, Ohio 45701, United States"",""center"":[-82.100905,39.329841],""geometry"":{""coordinates"":[-82.100905,39.329841],""type"":""Point""},""context"":[{""id"":""neighborhood.273176"",""text"":""La Mar Heights""},{""id"":""postcode.2088543548247480"",""text"":""45701""},{""id"":""place.13578169998184700"",""wikidata"":""Q755420"",""text"":""Athens""},{""id"":""region.9595035861229390"",""wikidata"":""Q1397"",""short_code"":""US-OH"",""text"":""Ohio""},{""id"":""country.19678805456372290"",""wikidata"":""Q30"",""short_code"":""us"",""text"":""United States""}]}],""attribution"":""NOTICE: © 2020 Mapbox and its suppliers. All rights reserved. Use of this data is subject to the Mapbox Terms of Service (https://www.mapbox.com/about/maps/). This response and the information it contains may not be retained. POI(s) provided by Foursquare.""}"

Boerum & Joralemon,"{""type"":""FeatureCollection"",""query"":[""boerum"",""joralemon""],""features"":[{""id"":""poi.154618834553"",""type"":""Feature"",""place_type"":[""poi""],""relevance"":0.5,""properties"":{""foursquare"":""4c6ae3ea6e10ef3bb35d9f40"",""landmark"":true,""address"":""143 Starr Rd"",""category"":""field, landuse""},""text"":""Joralemon Park DGC"",""place_name"":""Joralemon Park DGC, 143 Starr Rd, Ravena, New York 12143, United States"",""center"":[-73.866902,42.473025],""geometry"":{""coordinates"":[-73.866902,42.473025],""type"":""Point""},""context"":[{""id"":""postcode.9222189490064370"",""text"":""12143""},{""id"":""place.3642811336744040"",""wikidata"":""Q3458156"",""text"":""Ravena""},{""id"":""region.17349986251855570"",""wikidata"":""Q1384"",""short_code"":""US-NY"",""text"":""New York""},{""id"":""country.19678805456372290"",""wikidata"":""Q30"",""short_code"":""us"",""text"":""United States""}]},{""id"":""poi.764504223671"",""type"":""Feature"",""place_type"":[""poi""],""relevance"":0.5,""properties"":{""foursquare"":""53ceb0d9498e1f5518521267"",""landmark"":true,""category"":""department store, department, shop, home appliance""},""text"":""The Boerum"",""place_name"":""The Boerum, New York, New York 11201, United States"",""matching_text"":""Boerum"",""matching_place_name"":""Boerum, New York, New York 11201, United States"",""center"":[-73.988378,40.688415],""geometry"":{""type"":""Point"",""coordinates"":[-73.988378,40.688415]},""context"":[{""id"":""neighborhood.2102891"",""text"":""Boerum Hill""},{""id"":""postcode.15332151625363130"",""text"":""11201""},{""id"":""locality.6335122455180360"",""wikidata"":""Q18419"",""text"":""Brooklyn""},{""id"":""place.15278078705964500"",""wikidata"":""Q60"",""text"":""New York""},{""id"":""region.17349986251855570"",""wikidata"":""Q1384"",""short_code"":""US-NY"",""text"":""New York""},{""id"":""country.19678805456372290"",""wikidata"":""Q30"",""short_code"":""us"",""text"":""United States""}]}],""attribution"":""NOTICE: © 2020 Mapbox and its suppliers. All rights reserved. Use of this data is subject to the Mapbox Terms of Service (https://www.mapbox.com/about/maps/). This response and the information it contains may not be retained. POI(s) provided by Foursquare.""}"

Fulton St,"{""type"":""FeatureCollection"",""query"":[""fulton"",""st""],""features"":[{""id"":""poi.343597409898"",""type"":""Feature"",""place_type"":[""poi""],""relevance"":1,""properties"":{""wikidata"":""Q685083"",""category"":""rest area, rest stop, pitstop"",""landmark"":true,""foursquare"":""4e8c8a288b81e67890089335"",""maki"":""car""},""text"":""Fulton Street"",""place_name"":""Fulton Street, New York, New York 10038, United States"",""center"":[-74.006511,40.7095275],""geometry"":{""coordinates"":[-74.006511,40.7095275],""type"":""Point""},""context"":[{""id"":""neighborhood.2104430"",""text"":""Financial District""},{""id"":""postcode.18808092858786290"",""text"":""10038""},{""id"":""locality.12696928000137850"",""wikidata"":""Q11299"",""text"":""Manhattan""},{""id"":""place.15278078705964500"",""wikidata"":""Q60"",""text"":""New York""},{""id"":""region.17349986251855570"",""wikidata"":""Q1384"",""short_code"":""US-NY"",""text"":""New York""},{""id"":""country.19678805456372290"",""wikidata"":""Q30"",""short_code"":""us"",""text"":""United States""}]},{""id"":""poi.807453852581"",""type"":""Feature"",""place_type"":[""poi""],""relevance"":1,""properties"":{""foursquare"":""4b57266af964a520602828e3"",""landmark"":true,""wikidata"":""Q19866147"",""address"":""1147 Fulton St E"",""category"":""farmers market, farmers, market""},""text"":""Fulton Street Farmer's Market"",""place_name"":""Fulton Street Farmer's Market, 1147 Fulton St E, Grand Rapids, Michigan 49503, United States"",""center"":[-85.6405395,42.9630115],""geometry"":{""coordinates"":[-85.6405395,42.9630115],""type"":""Point""},""context"":[{""id"":""neighborhood.2101088"",""text"":""Midtown""},{""id"":""postcode.9441653952904230"",""text"":""49503""},{""id"":""place.10143138523886750"",""wikidata"":""Q184587"",""text"":""Grand Rapids""},{""id"":""region.9469196105857470"",""wikidata"":""Q1166"",""short_code"":""US-MI"",""text"":""Michigan""},{""id"":""country.19678805456372290"",""wikidata"":""Q30"",""short_code"":""us"",""text"":""United States""}]}],""attribution"":""NOTICE: © 2020 Mapbox and its suppliers. All rights reserved. Use of this data is subject to the Mapbox Terms of Service (https://www.mapbox.com/about/maps/). This response and the information it contains may not be retained. POI(s) provided by Foursquare.""}"

Jay St,"{""type"":""FeatureCollection"",""query"":[""jay"",""st""],""features"":[{""id"":""poi.223338380811"",""type"":""Feature"",""place_type"":[""poi""],""relevance"":1,""properties"":{""foursquare"":""4f4941f0e4b0db1b35f7eee9"",""landmark"":true,""address"":""160 N Gulph Rd"",""category"":""video games, leisure""},""text"":""Jay St. Video Games"",""place_name"":""Jay St. Video Games, 160 N Gulph Rd, King Of Prussia, Pennsylvania 19406, United States"",""center"":[-75.393376,40.088167],""geometry"":{""coordinates"":[-75.393376,40.088167],""type"":""Point""},""context"":[{""id"":""neighborhood.272339"",""text"":""Hidden Valley""},{""id"":""postcode.12810904256212730"",""text"":""19406""},{""id"":""place.15214320151873600"",""wikidata"":""Q1186442"",""text"":""King Of Prussia""},{""id"":""region.13761801799111630"",""wikidata"":""Q1400"",""short_code"":""US-PA"",""text"":""Pennsylvania""},{""id"":""country.19678805456372290"",""wikidata"":""Q30"",""short_code"":""us"",""text"":""United States""}]},{""id"":""poi.51539712169"",""type"":""Feature"",""place_type"":[""poi""],""relevance"":1,""properties"":{""foursquare"":""4f84a4b7e4b074ffe718c7a8"",""landmark"":true,""category"":""park"",""maki"":""picnic-site""},""text"":""Jay Street Marketplace"",""place_name"":""Jay Street Marketplace, Schenectady, New York 12305, United States"",""center"":[-73.940766,42.813228],""geometry"":{""coordinates"":[-73.940766,42.813228],""type"":""Point""},""context"":[{""id"":""neighborhood.2101653"",""text"":""Downtown""},{""id"":""postcode.10637328259315320"",""text"":""12305""},{""id"":""place.11276487021522030"",""wikidata"":""Q331380"",""text"":""Schenectady""},{""id"":""region.17349986251855570"",""wikidata"":""Q1384"",""short_code"":""US-NY"",""text"":""New York""},{""id"":""country.19678805456372290"",""wikidata"":""Q30"",""short_code"":""us"",""text"":""United States""}]}],""attribution"":""NOTICE: © 2020 Mapbox and its suppliers. All rights reserved. Use of this data is subject to the Mapbox Terms of Service (https://www.mapbox.com/about/maps/). This response and the information it contains may not be retained. POI(s) provided by Foursquare.""}"

Fulton & Jay St,"{""type"":""FeatureCollection"",""query"":[""fulton"",""jay"",""st""],""features"":[{""id"":""address.4449038993139554"",""type"":""Feature"",""place_type"":[""address""],""relevance"":0.99,""properties"":{""accuracy"":""street""},""text"":""Stream Ln"",""place_name"":""Stream Ln, Fulton, Pennsylvania 17563, United States"",""center"":[-76.2255334,39.7509284],""geometry"":{""type"":""Point"",""coordinates"":[-76.2255334,39.7509284]},""context"":[{""id"":""postcode.10300127749559900"",""text"":""17563""},{""id"":""place.14663999662814220"",""text"":""Fulton""},{""id"":""region.13761801799111630"",""wikidata"":""Q1400"",""short_code"":""US-PA"",""text"":""Pennsylvania""},{""id"":""country.19678805456372290"",""wikidata"":""Q30"",""short_code"":""us"",""text"":""United States""}]},{""id"":""address.5766446397469782"",""type"":""Feature"",""place_type"":[""address""],""relevance"":0.777037,""properties"":{""accuracy"":""street""},""text"":""Stockade Trail"",""place_name"":""Stockade Trail, Nottingham, Maryland 19362, United States"",""center"":[-76.132669,39.7226859],""geometry"":{""type"":""Point"",""coordinates"":[-76.132669,39.7226859]},""context"":[{""id"":""postcode.11111344473367190"",""text"":""19362""},{""id"":""place.9540322584035780"",""wikidata"":""Q7063577"",""text"":""Nottingham""},{""id"":""region.10710475061772660"",""wikidata"":""Q1391"",""short_code"":""US-MD"",""text"":""Maryland""},{""id"":""country.19678805456372290"",""wikidata"":""Q30"",""short_code"":""us"",""text"":""United States""}]}],""attribution"":""NOTICE: © 2020 Mapbox and its suppliers. All rights reserved. Use of this data is subject to the Mapbox Terms of Service (https://www.mapbox.com/about/maps/). This response and the information it contains may not be retained. POI(s) provided by Foursquare.""}"

Top Beauty Jay St Int.,"{""type"":""FeatureCollection"",""query"":[""top"",""beauty"",""jay"",""st"",""int""],""features"":[{""id"":""locality.15174540480643680"",""type"":""Feature"",""place_type"":[""locality""],""relevance"":0.537185,""properties"":{},""text"":""Top"",""place_name"":""Top, Daniawan, Patna, Bihar, India"",""matching_place_name"":""Top, Daniawan, Patna, Bihar, Intia"",""bbox"":[85.2392262998153,25.4202550043495,85.2595758853252,25.4364424152822],""center"":[85.247555,25.427173],""geometry"":{""type"":""Point"",""coordinates"":[85.247555,25.427173]},""context"":[{""id"":""place.6640179369027330"",""text"":""Daniawan""},{""id"":""district.15597428486086920"",""wikidata"":""Q100077"",""text"":""Patna""},{""id"":""region.17221582879224020"",""wikidata"":""Q1165"",""short_code"":""IN-BR"",""text"":""Bihar""},{""id"":""country.2782945337"",""wikidata"":""Q668"",""short_code"":""in"",""text"":""India""}]},{""id"":""locality.17289061331643680"",""type"":""Feature"",""place_type"":[""locality""],""relevance"":0.537185,""properties"":{},""text"":""Top"",""place_name"":""Top, Ichalkaranji, Kolhapur, Maharashtra, India"",""matching_place_name"":""Top, Ichalkaranji, Kolhapur, Maharashtra, Intia"",""bbox"":[74.2437657887247,16.7625245594828,74.3030634385642,16.812104265463],""center"":[74.279517,16.787534],""geometry"":{""type"":""Point"",""coordinates"":[74.279517,16.787534]},""context"":[{""id"":""place.1205280515189860"",""wikidata"":""Q583818"",""text"":""Ichalkaranji""},{""id"":""district.8820222873868510"",""wikidata"":""Q1797312"",""text"":""Kolhapur""},{""id"":""region.11712446254386080"",""wikidata"":""Q1191"",""short_code"":""IN-MH"",""text"":""Maharashtra""},{""id"":""country.2782945337"",""wikidata"":""Q668"",""short_code"":""in"",""text"":""India""}]}],""attribution"":""NOTICE: © 2020 Mapbox and its suppliers. All rights reserved. Use of this data is subject to the Mapbox Terms of Service (https://www.mapbox.com/about/maps/). This response and the information it contains may not be retained. POI(s) provided by Foursquare.""}"

Top Beauity Jay St Ext.,"{""type"":""FeatureCollection"",""query"":[""top"",""beauity"",""jay"",""st"",""ext""],""features"":[{""id"":""poi.1108101599069"",""type"":""Feature"",""place_type"":[""poi""],""relevance"":0.430432,""properties"":{""foursquare"":""4c4a4bbf42b4d13a869afd7c"",""landmark"":true,""address"":""2400 N Howard St"",""category"":""storage rental, storage, storage facility, storage lot""},""text"":""Extra Space Storage"",""place_name"":""Extra Space Storage, 2400 N Howard St, Baltimore, Maryland 21211, United States"",""center"":[-76.620071,39.316719],""geometry"":{""coordinates"":[-76.620071,39.316719],""type"":""Point""},""context"":[{""id"":""neighborhood.295479"",""text"":""Remington""},{""id"":""postcode.8150595442972840"",""text"":""21211""},{""id"":""place.9378464438339210"",""wikidata"":""Q5092"",""text"":""Baltimore""},{""id"":""region.10710475061772660"",""wikidata"":""Q1391"",""short_code"":""US-MD"",""text"":""Maryland""},{""id"":""country.19678805456372290"",""wikidata"":""Q30"",""short_code"":""us"",""text"":""United States""}]},{""id"":""poi.627065296894"",""type"":""Feature"",""place_type"":[""poi""],""relevance"":0.430432,""properties"":{""foursquare"":""4c6eed499c6d6dcb56f9cd7a"",""landmark"":true,""address"":""3634 Falls Rd"",""category"":""storage rental, storage, storage facility, storage lot""},""text"":""Extra Space Storage"",""place_name"":""Extra Space Storage, 3634 Falls Rd, Baltimore, Maryland 21211, United States"",""center"":[-76.635536,39.331666],""geometry"":{""coordinates"":[-76.635536,39.331666],""type"":""Point""},""context"":[{""id"":""neighborhood.2101756"",""text"":""Hampden""},{""id"":""postcode.8150595442972840"",""text"":""21211""},{""id"":""place.9378464438339210"",""wikidata"":""Q5092"",""text"":""Baltimore""},{""id"":""region.10710475061772660"",""wikidata"":""Q1391"",""short_code"":""US-MD"",""text"":""Maryland""},{""id"":""country.19678805456372290"",""wikidata"":""Q30"",""short_code"":""us"",""text"":""United States""}]}],""attribution"":""NOTICE: © 2020 Mapbox and its suppliers. All rights reserved. Use of this data is subject to the Mapbox Terms of Service (https://www.mapbox.com/about/maps/). This response and the information it contains may not be retained. POI(s) provided by Foursquare.""}"

Beauty 35 Fulton St Int.,"{""type"":""FeatureCollection"",""query"":[""beauty"",""35"",""fulton"",""st"",""int""],""features"":[{""id"":""place.8357615496337680"",""type"":""Feature"",""place_type"":[""place""],""relevance"":0.483333,""properties"":{""wikidata"":""Q18629419""},""text"":""Neumarkt in der Steiermark"",""place_name"":""Neumarkt in der Steiermark, Styria, Austria"",""matching_place_name"":""Neumarkt in der Steiermark, ST, Austria"",""bbox"":[14.327636,46.979764,14.55939,47.135733],""center"":[14.42278,47.07083],""geometry"":{""type"":""Point"",""coordinates"":[14.42278,47.07083]},""context"":[{""id"":""region.9218279662379170"",""wikidata"":""Q41358"",""short_code"":""AT-6"",""text"":""Styria""},{""id"":""country.13372096948018400"",""wikidata"":""Q40"",""short_code"":""at"",""text"":""Austria""}]},{""id"":""locality.4209053418052880"",""type"":""Feature"",""place_type"":[""locality""],""relevance"":0.417593,""properties"":{},""text"":""District I"",""place_name"":""District I, Cauayan City, Isabela, Philippines"",""bbox"":[121.765579223633,16.9331092834473,121.780891418457,16.9423904418946],""center"":[121.77,16.94],""geometry"":{""type"":""Point"",""coordinates"":[121.77,16.94]},""context"":[{""id"":""place.8554841747735670"",""wikidata"":""Q50178"",""text"":""Cauayan City""},{""id"":""region.9071004486394800"",""wikidata"":""Q13826"",""short_code"":""PH-ISA"",""text"":""Isabela""},{""id"":""country.13684120028213680"",""wikidata"":""Q928"",""short_code"":""ph"",""text"":""Philippines""}]}],""attribution"":""NOTICE: © 2020 Mapbox and its suppliers. All rights reserved. Use of this data is subject to the Mapbox Terms of Service (https://www.mapbox.com/about/maps/). This response and the information it contains may not be retained. POI(s) provided by Foursquare.""}"

Beauty 35 Fulton St Ext.,"{""type"":""FeatureCollection"",""query"":[""beauty"",""35"",""fulton"",""st"",""ext""],""features"":[{""id"":""region.8512396402254870"",""type"":""Feature"",""place_type"":[""region""],""relevance"":0.366667,""properties"":{""wikidata"":""Q235166"",""short_code"":""CO-SAN""},""text"":""Santander"",""place_name"":""Santander, Colombia"",""matching_text"":""ST"",""matching_place_name"":""ST, Colombia"",""bbox"":[-74.5289219985108,5.70753500005754,-72.4770580698576,8.14501054743054],""center"":[-73,7.13333],""geometry"":{""type"":""Point"",""coordinates"":[-73,7.13333]},""context"":[{""id"":""country.12227578366646840"",""wikidata"":""Q739"",""short_code"":""co"",""text"":""Colombia""}]},{""id"":""region.7995081419795950"",""type"":""Feature"",""place_type"":[""region""],""relevance"":0.366667,""properties"":{""wikidata"":""Q5065"",""short_code"":""ID-ST""},""text"":""Central Sulawesi"",""place_name"":""Central Sulawesi, Indonesia"",""matching_text"":""ST"",""matching_place_name"":""ST, Indonesia"",""bbox"":[119.445955,-3.73997599882193,124.2333994,1.47399539999226],""center"":[122.366864,-1.009661],""geometry"":{""type"":""Point"",""coordinates"":[122.366864,-1.009661]},""context"":[{""id"":""country.12065990263114360"",""wikidata"":""Q252"",""short_code"":""id"",""text"":""Indonesia""}]}],""attribution"":""NOTICE: © 2020 Mapbox and its suppliers. All rights reserved. Use of this data is subject to the Mapbox Terms of Service (https://www.mapbox.com/about/maps/). This response and the information it contains may not be retained. POI(s) provided by Foursquare.""}"

Fulton & Flatbush Ave Exit,"{""type"":""FeatureCollection"",""query"":[""fulton"",""flatbush"",""ave"",""exit""],""features"":[{""id"":""address.2115641572212664"",""type"":""Feature"",""place_type"":[""address""],""relevance"":0.693704,""properties"":{""accuracy"":""street""},""text"":""Av"",""place_name"":""Av, Fulton, Iowa 52060, United States"",""center"":[-90.5508921272853,42.0529821159457],""geometry"":{""type"":""Point"",""coordinates"":[-90.5508921272853,42.0529821159457]},""context"":[{""id"":""postcode.10372795827077410"",""text"":""52060""},{""id"":""place.9236699499814220"",""text"":""Fulton""},{""id"":""region.9999198526075610"",""wikidata"":""Q1546"",""short_code"":""US-IA"",""text"":""Iowa""},{""id"":""country.19678805456372290"",""wikidata"":""Q30"",""short_code"":""us"",""text"":""United States""}]},{""id"":""address.5457235866009946"",""type"":""Feature"",""place_type"":[""address""],""relevance"":0.545556,""properties"":{""accuracy"":""street""},""text"":""Av"",""place_name"":""Av, Delmar, Iowa 52037, United States"",""center"":[-90.621285868873,42.0381502191427],""geometry"":{""type"":""Point"",""coordinates"":[-90.621285868873,42.0381502191427]},""context"":[{""id"":""postcode.5724413487391020"",""text"":""52037""},{""id"":""place.14989234180019910"",""wikidata"":""Q580625"",""text"":""Delmar""},{""id"":""region.9999198526075610"",""wikidata"":""Q1546"",""short_code"":""US-IA"",""text"":""Iowa""},{""id"":""country.19678805456372290"",""wikidata"":""Q30"",""short_code"":""us"",""text"":""United States""}]}],""attribution"":""NOTICE: © 2020 Mapbox and its suppliers. All rights reserved. Use of this data is subject to the Mapbox Terms of Service (https://www.mapbox.com/about/maps/). This response and the information it contains may not be retained. POI(s) provided by Foursquare.""}"

McDonald's Flatbush Ave Int.,"{""type"":""FeatureCollection"",""query"":[""mcdonalds"",""flatbush"",""ave"",""int""],""features"":[{""id"":""address.5998032104997878"",""type"":""Feature"",""place_type"":[""address""],""relevance"":0.545556,""properties"":{""accuracy"":""street""},""text"":""Avenue I"",""place_name"":""Avenue I, Brooklyn, New York 11210, United States"",""center"":[-73.9488764,40.6288663],""geometry"":{""type"":""Point"",""coordinates"":[-73.9488764,40.6288663]},""context"":[{""id"":""neighborhood.2104314"",""text"":""Midwood""},{""id"":""postcode.11945370628808110"",""text"":""11210""},{""id"":""locality.6335122455180360"",""wikidata"":""Q18419"",""text"":""Brooklyn""},{""id"":""place.15278078705964500"",""wikidata"":""Q60"",""text"":""New York""},{""id"":""region.17349986251855570"",""wikidata"":""Q1384"",""short_code"":""US-NY"",""text"":""New York""},{""id"":""country.19678805456372290"",""wikidata"":""Q30"",""short_code"":""us"",""text"":""United States""}]},{""id"":""poi.979252547534"",""type"":""Feature"",""place_type"":[""poi""],""relevance"":0.444444,""properties"":{""foursquare"":""4b4e8b46f964a52003f126e3"",""landmark"":true,""address"":""1531 Fulton St"",""category"":""fast food"",""maki"":""fast-food""},""text"":""McDonald's"",""place_name"":""McDonald's, 1531 Fulton St, New York, New York 11216, United States"",""center"":[-73.940121,40.680095],""geometry"":{""coordinates"":[-73.940121,40.680095],""type"":""Point""},""context"":[{""id"":""neighborhood.2100073"",""text"":""Bedford Stuyvesant""},{""id"":""postcode.14487237056598300"",""text"":""11216""},{""id"":""locality.6335122455180360"",""wikidata"":""Q18419"",""text"":""Brooklyn""},{""id"":""place.15278078705964500"",""wikidata"":""Q60"",""text"":""New York""},{""id"":""region.17349986251855570"",""wikidata"":""Q1384"",""short_code"":""US-NY"",""text"":""New York""},{""id"":""country.19678805456372290"",""wikidata"":""Q30"",""short_code"":""us"",""text"":""United States""}]}],""attribution"":""NOTICE: © 2020 Mapbox and its suppliers. All rights reserved. Use of this data is subject to the Mapbox Terms of Service (https://www.mapbox.com/about/maps/). This response and the information it contains may not be retained. POI(s) provided by Foursquare.""}"

McDonald's Flatbush Ave Ext.,"{""type"":""FeatureCollection"",""query"":[""mcdonalds"",""flatbush"",""ave"",""ext""],""features"":[{""id"":""address.4552196294592392"",""type"":""Feature"",""place_type"":[""address""],""relevance"":0.611111,""properties"":{""accuracy"":""street""},""text"":""Flatbush Avenue Extension"",""place_name"":""Flatbush Avenue Extension, Brooklyn, New York 11201, United States"",""center"":[-73.9829026,40.6922923],""geometry"":{""type"":""Point"",""coordinates"":[-73.9829026,40.6922923]},""context"":[{""id"":""neighborhood.297509"",""text"":""Downtown""},{""id"":""postcode.15332151625363130"",""text"":""11201""},{""id"":""locality.6335122455180360"",""wikidata"":""Q18419"",""text"":""Brooklyn""},{""id"":""place.15278078705964500"",""wikidata"":""Q60"",""text"":""New York""},{""id"":""region.17349986251855570"",""wikidata"":""Q1384"",""short_code"":""US-NY"",""text"":""New York""},{""id"":""country.19678805456372290"",""wikidata"":""Q30"",""short_code"":""us"",""text"":""United States""}]},{""id"":""poi.326417552980"",""type"":""Feature"",""place_type"":[""poi""],""relevance"":0.592593,""properties"":{""foursquare"":""4d0e3591e0b98cfa5973e093"",""landmark"":true,""address"":""San Vicente Martir, 173"",""category"":""fast food"",""maki"":""fast-food""},""text"":""McDonald's"",""place_name"":""McDonald's, San Vicente Martir, 173, València, Valencia 46007, Spain"",""center"":[-0.381145,39.460482],""geometry"":{""coordinates"":[-0.381145,39.460482],""type"":""Point""},""context"":[{""id"":""postcode.17001723485843250"",""text"":""46007""},{""id"":""locality.13049403469285300"",""text"":""Extramurs""},{""id"":""place.10507444814919450"",""wikidata"":""Q8818"",""text"":""València""},{""id"":""region.10601999059937860"",""wikidata"":""Q54939"",""short_code"":""ES-V"",""text"":""Valencia""},{""id"":""country.3373497261570100"",""wikidata"":""Q29"",""short_code"":""es"",""text"":""Spain""}]}],""attribution"":""NOTICE: © 2020 Mapbox and its suppliers. All rights reserved. Use of this data is subject to the Mapbox Terms of Service (https://www.mapbox.com/about/maps/). This response and the information it contains may not be retained. POI(s) provided by Foursquare.""}"

IPR stage,"{""type"":""FeatureCollection"",""query"":[""ipr"",""stage""],""features"":[{""id"":""poi.627065231694"",""type"":""Feature"",""place_type"":[""poi""],""relevance"":0.5,""properties"":{""foursquare"":""4cb26cc81463a143586fada9"",""landmark"":true,""address"":""Rod. Jorn. Maurício Sirotsky Sobrinho, 2500"",""category"":""nightclub, club, night club, disco""},""text"":""Stage Music Park"",""place_name"":""Stage Music Park, Rod. Jorn. Maurício Sirotsky Sobrinho, 2500, Florianópolis, Santa Catarina, Brazil"",""center"":[-48.489565,-27.4744045],""geometry"":{""coordinates"":[-48.489565,-27.4744045],""type"":""Point""},""context"":[{""id"":""locality.7102159642702330"",""wikidata"":""Q7889236"",""text"":""Santo Antônio De Lisboa""},{""id"":""place.15833725493106760"",""wikidata"":""Q132997"",""text"":""Florianópolis""},{""id"":""region.9987667069176350"",""wikidata"":""Q41115"",""short_code"":""BR-SC"",""text"":""Santa Catarina""},{""id"":""country.9531777110682710"",""wikidata"":""Q155"",""short_code"":""br"",""text"":""Brazil""}]},{""id"":""poi.395137014119"",""type"":""Feature"",""place_type"":[""poi""],""relevance"":0.5,""properties"":{""foursquare"":""4b10b461f964a520f17423e3"",""landmark"":true,""address"":""412 Broadway"",""category"":""nightclub, club, night club, disco""},""text"":""The Stage on Broadway"",""place_name"":""The Stage on Broadway, 412 Broadway, Nashville, Tennessee 37203, United States"",""center"":[-86.777736,36.160842],""geometry"":{""type"":""Point"",""coordinates"":[-86.777736,36.160842]},""context"":[{""id"":""postcode.7976324534940660"",""text"":""37203""},{""id"":""place.9062839717462680"",""wikidata"":""Q23197"",""text"":""Nashville""},{""id"":""region.8636081765990480"",""wikidata"":""Q1509"",""short_code"":""US-TN"",""text"":""Tennessee""},{""id"":""country.19678805456372290"",""wikidata"":""Q30"",""short_code"":""us"",""text"":""United States""}]}],""attribution"":""NOTICE: © 2020 Mapbox and its suppliers. All rights reserved. Use of this data is subject to the Mapbox Terms of Service (https://www.mapbox.com/about/maps/). This response and the information it contains may not be retained. POI(s) provided by Foursquare.""}"

end,"{""type"":""FeatureCollection"",""query"":[""end""],""features"":[{""id"":""place.5749278795379150"",""type"":""Feature"",""place_type"":[""place""],""relevance"":1,""properties"":{""wikidata"":""Q3459600""},""text"":""Endicott"",""place_name"":""Endicott, New York, United States"",""bbox"":[-76.188089007946,42.0612269874497,-75.9854429949546,42.229396004298],""center"":[-76.0494,42.0984],""geometry"":{""type"":""Point"",""coordinates"":[-76.0494,42.0984]},""context"":[{""id"":""region.17349986251855570"",""wikidata"":""Q1384"",""short_code"":""US-NY"",""text"":""New York""},{""id"":""country.19678805456372290"",""wikidata"":""Q30"",""short_code"":""us"",""text"":""United States""}]},{""id"":""locality.9998327793074400"",""type"":""Feature"",""place_type"":[""locality""],""relevance"":1,""properties"":{""wikidata"":""Q1612237""},""text"":""Enderby"",""place_name"":""Enderby, Leicester, Leicestershire, England, United Kingdom"",""bbox"":[-1.22299479371648,52.5780111100577,-1.16799249828335,52.6017933627217],""center"":[-1.2122,52.5882],""geometry"":{""type"":""Point"",""coordinates"":[-1.2122,52.5882]},""context"":[{""id"":""place.9388484600000760"",""wikidata"":""Q83065"",""text"":""Leicester""},{""id"":""district.11649987283659350"",""wikidata"":""Q23106"",""text"":""Leicestershire""},{""id"":""region.13483278848453920"",""wikidata"":""Q21"",""short_code"":""GB-ENG"",""text"":""England""},{""id"":""country.12405201072814600"",""wikidata"":""Q145"",""short_code"":""gb"",""text"":""United Kingdom""}]}],""attribution"":""NOTICE: © 2020 Mapbox and its suppliers. All rights reserved. Use of this data is subject to the Mapbox Terms of Service (https://www.mapbox.com/about/maps/). This response and the information it contains may not be retained. POI(s) provided by Foursquare.""}"
localhost:8000:83:15

